INSERT INTO User (USERID, NAME, PIN, ADDRESS_LINE1, ADDRESS_LINE2, COUNTRY, 
CITY, STATE) VALUES 
(827, 'Rahul Sharma', '400001', 'Flat 101, Shanti Nagar', 'Near CST Station', 'India', 'Mumbai', 
'Maharashtra'), 
(354, 'Priya Singh', '600001', '12, Anna Nagar', '2nd Street', 'India', 'Chennai', 'Tamil Nadu'), 
(619, 'Amit Patel', '380001', '15, Ashram Road', 'Near Gandhi Ashram', 'India', 'Ahmedabad', 
'Gujarat'), 
(142, 'Deepa Rao', '560001', '25, MG Road', 'Opp. Brigade Road', 'India', 'Bangalore', 
'Karnataka'), 
(493, 'Vikram Nair', '700001', '8, Park Street', 'Near Park Hotel', 'India', 'Kolkata', 'West Bengal'), 
(275, 'Sanjay Gupta', '110001', '45, Connaught Place', 'Near Metro Station', 'India', 'Delhi', 
'Delhi'), 
(918, 'Neha Reddy', '500001', '32, Banjara Hills', 'Road No. 3', 'India', 'Hyderabad', 'Telangana'), 
(736, 'Arjun Menon', '411001', '18, Koregaon Park', 'Near Osho Ashram', 'India', 'Pune', 
'Maharashtra'), 
(581, 'Kavita Desai', '302001', '22, Johari Bazaar', 'Near Hawa Mahal', 'India', 'Jaipur', 
'Rajasthan'), 
(304, 'Rohan Kulkarni', '390001', '9, Alkapuri', 'Near Railway Station', 'India', 'Vadodara', 
'Gujarat'), 
(652, 'Anjali Iyer', '400002', '56, Marine Drive', 'Near Churchgate', 'India', 'Mumbai', 
'Maharashtra'), 
(197, 'Vinay Kumar', '600002', '78, Mylapore', 'Near Kapaleeshwar Temple', 'India', 'Chennai', 
'Tamil Nadu'), 
(863, 'Meera Joshi', '380002', '34, Maninagar', 'Near Kankaria Lake', 'India', 'Ahmedabad', 
'Gujarat'), 
(428, 'Siddharth Rao', '560002', '67, Jayanagar', '4th Block', 'India', 'Bangalore', 'Karnataka'), 
(945, 'Pooja Nambiar', '700002', '19, Salt Lake', 'Sector 5', 'India', 'Kolkata', 'West Bengal'), 
(316, 'Nikhil Shah', '110002', '88, Karol Bagh', 'Near Metro Station', 'India', 'Delhi', 'Delhi'), 
(774, 'Shalini Yadav', '500002', '23, Kukatpally', 'Near Metro Station', 'India', 'Hyderabad', 
'Telangana'), 
(539, 'Kiran More', '411002', '41, Aundh', 'Near IT Park', 'India', 'Pune', 'Maharashtra'), 
(681, 'Sneha Sharma', '302002', '53, C-Scheme', 'Near Statue Circle', 'India', 'Jaipur', 
'Rajasthan'), 
(233, 'Aditya Pandit', '390002', '27, Gotri Road', 'Near Gotri Lake', 'India', 'Vadodara', 'Gujarat'), 
(892, 'Ritu Jain', '400003', '65, Colaba', 'Near Gateway of India', 'India', 'Mumbai', 'Maharashtra'), 
(467, 'Manish Pillai', '600003', '91, T. Nagar', 'Near Bus Stand', 'India', 'Chennai', 'Tamil Nadu'), 
(715, 'Divya Thakur', '380003', '44, Vastrapur', 'Near Lake', 'India', 'Ahmedabad', 'Gujarat'), 
(128, 'Harish Gowda', '560003', '72, Indiranagar', 'Near Metro Station', 'India', 'Bangalore', 
'Karnataka'), 
(976, 'Tina Bose', '700003', '36, Ballygunge', 'Near Park', 'India', 'Kolkata', 'West Bengal'), 
(341, 'Akash Malhotra', '110003', '29, South Extension', 'Part 1', 'India', 'Delhi', 'Delhi'), 
(803, 'Lavanya Suresh', '500003', '14, Madhapur', 'Near Hitech City', 'India', 'Hyderabad', 
'Telangana'), 
(592, 'Rakesh Kadam', '411003', '83, Baner', 'Near High Street', 'India', 'Pune', 'Maharashtra'), 
(249, 'Swati Rana', '302003', '61, Malviya Nagar', 'Near Airport', 'India', 'Jaipur', 'Rajasthan'), 
(684, 'Pranav Sheth', '390003', '47, Vasna Road', 'Near Temple', 'India', 'Vadodara', 'Gujarat'), 
(417, 'Nisha Kapoor', '400004', '52, Bandra', 'Near Linking Road', 'India', 'Mumbai', 
'Maharashtra'), 
(865, 'Ajay Nair', '600004', '85, Adyar', 'Near Beach', 'India', 'Chennai', 'Tamil Nadu'), 
(532, 'Riddhi Patel', '380004', '39, Satellite', 'Near Star Bazaar', 'India', 'Ahmedabad', 'Gujarat'), 
(179, 'Kunal Hegde', '560004', '94, Koramangala', '5th Block', 'India', 'Bangalore', 'Karnataka'), 
(943, 'Suman Das', '700004', '11, Gariahat', 'Near Market', 'India', 'Kolkata', 'West Bengal'), 
(326, 'Vivek Arora', '110004', '66, Lajpat Nagar', 'Near Metro Station', 'India', 'Delhi', 'Delhi'), 
(781, 'Preeti Rao', '500004', '28, Gachibowli', 'Near Stadium', 'India', 'Hyderabad', 'Telangana'), 
(564, 'Yash Sawant', '411004', '75, Kothrud', 'Near MIT College', 'India', 'Pune', 'Maharashtra'), 
(298, 'Anita Meena', '302004', '58, Vaishali Nagar', 'Near Nursery Circle', 'India', 'Jaipur', 
'Rajasthan'), 
(732, 'Mohan Vyas', '390004', '33, Fatehgunj', 'Near Circle', 'India', 'Vadodara', 'Gujarat'), 
(451, 'Sakshi Tiwari', '400005', '48, Andheri', 'Near Metro Station', 'India', 'Mumbai', 
'Maharashtra'), 
(897, 'Sunil Menon', '600005', '96, Velachery', 'Near Phoenix Mall', 'India', 'Chennai', 'Tamil 
Nadu'), 
(623, 'Jaya Solanki', '380005', '21, Bodakdev', 'Near Judges Bungalow', 'India', 'Ahmedabad', 
'Gujarat'), 
(185, 'Naveen Gowda', '560005', '87, Whitefield', 'Near ITPL', 'India', 'Bangalore', 'Karnataka'), 
(968, 'Rina Sen', '700005', '42, Jadavpur', 'Near University', 'India', 'Kolkata', 'West Bengal'), 
(374, 'Gaurav Khanna', '110005', '63, Rohini', 'Near Metro Station', 'India', 'Delhi', 'Delhi'), 
(819, 'Komal Reddy', '500005', '17, Jubilee Hills', 'Near Check Post', 'India', 'Hyderabad', 
'Telangana'), 
(547, 'Soham Pawar', '411005', '69, Hadapsar', 'Near IT Park', 'India', 'Pune', 'Maharashtra'), 
(293, 'Rekha Sharma', '302005', '54, Mansarovar', 'Near Metro Station', 'India', 'Jaipur', 
'Rajasthan'), 
(701, 'Jay Shah', '390005', '38, Subhanpura', 'Near Temple', 'India', 'Vadodara', 'Gujarat'); 

→ EMAIL TABLE 
  
INSERT INTO Email (EMAIL, USERID) VALUES 
('rahul.sharma@gmail.com', 827), 
('priya.singh@yahoo.com', 354), 
('amit.patel@outlook.com', 619), 
('deepa.rao@gmail.com', 142), 
('vikram.nair@rediffmail.com', 493), 
('sanjay.gupta@gmail.com', 275), 
('neha.reddy@yahoo.com', 918), 
('arjun.menon@outlook.com', 736), 
('kavita.desai@gmail.com', 581), 
('rohan.kulkarni@yahoo.com', 304), 
('anjali.iyer@gmail.com', 652), 
('vinay.kumar@outlook.com', 197), 
('meera.joshi@yahoo.com', 863), 
('siddharth.rao@gmail.com', 428), 
('pooja.nambiar@rediffmail.com', 945), 
('nikhil.shah@gmail.com', 316), 
('shalini.yadav@yahoo.com', 774), 
('kiran.more@outlook.com', 539), 
('sneha.sharma@gmail.com', 681), 
('aditya.pandit@yahoo.com', 233), 
('ritu.jain@gmail.com', 892), 
('manish.pillai@outlook.com', 467), 
('divya.thakur@yahoo.com', 715), 
('harish.gowda@gmail.com', 128), 
('tina.bose@rediffmail.com', 976), 
('akash.malhotra@gmail.com', 341), 
('lavanya.suresh@yahoo.com', 803), 
('rakesh.kadam@outlook.com', 592), 
('swati.rana@gmail.com', 249), 
('pranav.sheth@yahoo.com', 684), 
('nisha.kapoor@gmail.com', 417), 
('ajay.nair@outlook.com', 865), 
('riddhi.patel@yahoo.com', 532), 
('kunal.hegde@gmail.com', 179), 
('suman.das@rediffmail.com', 943), 
('vivek.arora@gmail.com', 326), 
('preeti.rao@yahoo.com', 781), 
('yash.sawant@outlook.com', 564), 
('anita.meena@gmail.com', 298), 
('mohan.vyas@yahoo.com', 732), 
('sakshi.tiwari@gmail.com', 451), 
('sunil.menon@outlook.com', 897), 
('jaya.solanki@yahoo.com', 623), 
('naveen.gowda@gmail.com', 185), 
('rina.sen@rediffmail.com', 968), 
('gaurav.khanna@gmail.com', 374), 
('komal.reddy@yahoo.com', 819), 
('soham.pawar@outlook.com', 547), 
('rekha.sharma@gmail.com', 293), 
('jay.shah@yahoo.com', 701); 

→ PAYMENT TABLE 
  
INSERT INTO Payment (PAYMENTID, AMOUNT, PAYMENT_METHOD, STATUS, USERID) 
VALUES 
(624, 1500.00, 'UPI', 'Completed', 827), 
(193, 2000.00, 'Credit Card', 'Pending', 354), 
(857, 1800.00, 'Net Banking', 'Completed', 619), 
(372, 2200.00, 'Debit Card', 'Failed', 142), 
(915, 1700.00, 'UPI', 'Completed', 493), 
(246, 2500.00, 'Credit Card', 'Completed', 275), 
(789, 1900.00, 'Net Banking', 'Pending', 918), 
(531, 2100.00, 'UPI', 'Completed', 736), 
(674, 2300.00, 'Debit Card', 'Failed', 581), 
(308, 1600.00, 'UPI', 'Completed', 304), 
(842, 2400.00, 'Credit Card', 'Pending', 652), 
(419, 1800.00, 'Net Banking', 'Completed', 197), 
(965, 2000.00, 'UPI', 'Completed', 863), 
(287, 2200.00, 'Debit Card', 'Failed', 428), 
(753, 1700.00, 'UPI', 'Completed', 945), 
(396, 2600.00, 'Credit Card', 'Pending', 316), 
(821, 1900.00, 'Net Banking', 'Completed', 774), 
(564, 2100.00, 'UPI', 'Completed', 539), 
(238, 2300.00, 'Debit Card', 'Failed', 681), 
(692, 1500.00, 'UPI', 'Completed', 233), 
(147, 2500.00, 'Credit Card', 'Pending', 892), 
(873, 1800.00, 'Net Banking', 'Completed', 467), 
(315, 2000.00, 'UPI', 'Completed', 715), 
(968, 2200.00, 'Debit Card', 'Failed', 128), 
(482, 1700.00, 'UPI', 'Completed', 976), 
(729, 2400.00, 'Credit Card', 'Pending', 341), 
(163, 1900.00, 'Net Banking', 'Completed', 803), 
(594, 2100.00, 'UPI', 'Completed', 592), 
(241, 2300.00, 'Debit Card', 'Failed', 249), 
(876, 1600.00, 'UPI', 'Completed', 684), 
(352, 2500.00, 'Credit Card', 'Pending', 417), 
(917, 1800.00, 'Net Banking', 'Completed', 865), 
(463, 2000.00, 'UPI', 'Completed', 532), 
(795, 2200.00, 'Debit Card', 'Failed', 179), 
(214, 1700.00, 'UPI', 'Completed', 943), 
(681, 2600.00, 'Credit Card', 'Pending', 326), 
(139, 1900.00, 'Net Banking', 'Completed', 781), 
(572, 2100.00, 'UPI', 'Completed', 564), 
(326, 2300.00, 'Debit Card', 'Failed', 298), 
(894, 1500.00, 'UPI', 'Completed', 732), 
(467, 2500.00, 'Credit Card', 'Pending', 451), 
(983, 1800.00, 'Net Banking', 'Completed', 897), 
(251, 2000.00, 'UPI', 'Completed', 623), 
(706, 2200.00, 'Debit Card', 'Failed', 185), 
(392, 1700.00, 'UPI', 'Completed', 968), 
(845, 2400.00, 'Credit Card', 'Pending', 374), 
(178, 1900.00, 'Net Banking', 'Completed', 819), 
(613, 2100.00, 'UPI', 'Completed', 547), 
(294, 2300.00, 'Debit Card', 'Failed', 293), 
(759, 1600.00, 'UPI', 'Completed', 701); 

→ FEEDBACK TABLE 
  
INSERT INTO Feedback (FEEDBACKID, RATING, COMMENTS, USERID) VALUES 
(381, 4, 'Good service, delivered on time', 827), 
(947, 3, 'Package was delayed by a day', 354), 
(216, 5, 'Excellent delivery experience', 619), 
(673, 2, 'Driver was rude', 142), 
(425, 4, 'Satisfied with the service', 493), 
(892, 3, 'Average experience', 275), 
(134, 5, 'Very fast delivery', 918), 
(769, 4, 'Good packaging', 736), 
(352, 2, 'Package damaged', 581), 
(598, 3, 'Could be better', 304), 
(241, 4, 'Timely delivery', 652), 
(876, 5, 'Excellent service', 197), 
(463, 3, 'Delayed by 2 days', 863), 
(915, 4, 'Good communication', 428), 
(287, 2, 'Driver was late', 945), 
(642, 5, 'Very satisfied', 316), 
(198, 3, 'Average service', 774), 
(753, 4, 'Good experience', 539), 
(319, 2, 'Package misplaced', 681), 
(864, 3, 'Slow delivery', 233), 
(472, 4, 'Delivered on time', 892), 
(125, 5, 'Great service', 467), 
(981, 3, 'Delayed delivery', 715), 
(236, 4, 'Good tracking', 128), 
(693, 2, 'Driver was rude', 976), 
(347, 5, 'Excellent delivery', 341), 
(892, 3, 'Average experience', 803), 
(514, 4, 'Good service', 592), 
(279, 2, 'Package damaged', 249), 
(735, 3, 'Could improve', 684), 
(162, 4, 'Timely delivery', 417), 
(897, 5, 'Very good service', 865), 
(453, 3, 'Delayed by a day', 532), 
(918, 4, 'Good communication', 179), 
(374, 2, 'Driver was late', 943), 
(629, 5, 'Very satisfied', 326), 
(185, 3, 'Average service', 781), 
(741, 4, 'Good experience', 564), 
(296, 2, 'Package misplaced', 298), 
(852, 3, 'Slow delivery', 732), 
(413, 4, 'Delivered on time', 451), 
(967, 5, 'Great service', 897), 
(238, 3, 'Delayed delivery', 623), 
(794, 4, 'Good tracking', 185), 
(351, 2, 'Driver was rude', 968), 
(806, 5, 'Excellent delivery', 374), 
(192, 3, 'Average experience', 819), 
(647, 4, 'Good service', 547), 
(304, 2, 'Package damaged', 293), 
(759, 3, 'Could improve', 701); 

→ VEHICLE TABLE 
  
INSERT INTO Vehicle (VEHICLEID, VEHICLE_TYPE, CAPACITY, STATUS) VALUES 
(472, 'Tata Ace', '500 kg', 'Available'), 
(915, 'Maruti Van', '400 kg', 'In Transit'), 
(263, 'Ashok Leyland Truck', '1000 kg', 'Available'), 
(687, 'Eicher Pro', '800 kg', 'Under Maintenance'), 
(134, 'Mahindra Bolero', '600 kg', 'Available'), 
(829, 'Tata 407', '1200 kg', 'In Transit'), 
(376, 'Bajaj Tempo', '700 kg', 'Available'), 
(541, 'Tata Intra', '600 kg', 'Under Maintenance'), 
(198, 'Maruti Eeco', '500 kg', 'Available'), 
(753, 'Ashok Leyland Dost', '800 kg', 'In Transit'), 
(419, 'Tata Ace', '500 kg', 'Available'), 
(964, 'Maruti Van', '400 kg', 'In Transit'), 
(287, 'Ashok Leyland Truck', '1000 kg', 'Available'), 
(632, 'Eicher Pro', '800 kg', 'Under Maintenance'), 
(175, 'Mahindra Bolero', '600 kg', 'Available'), 
(841, 'Tata 407', '1200 kg', 'In Transit'), 
(392, 'Bajaj Tempo', '700 kg', 'Available'), 
(576, 'Tata Intra', '600 kg', 'Under Maintenance'), 
(214, 'Maruti Eeco', '500 kg', 'Available'), 
(769, 'Ashok Leyland Dost', '800 kg', 'In Transit'), 
(435, 'Tata Ace', '500 kg', 'Available'), 
(981, 'Maruti Van', '400 kg', 'In Transit'), 
(293, 'Ashok Leyland Truck', '1000 kg', 'Available'), 
(648, 'Eicher Pro', '800 kg', 'Under Maintenance'), 
(191, 'Mahindra Bolero', '600 kg', 'Available'), 
(857, 'Tata 407', '1200 kg', 'In Transit'), 
(408, 'Bajaj Tempo', '700 kg', 'Available'), 
(592, 'Tata Intra', '600 kg', 'Under Maintenance'), 
(236, 'Maruti Eeco', '500 kg', 'Available'), 
(785, 'Ashok Leyland Dost', '800 kg', 'In Transit'), 
(451, 'Tata Ace', '500 kg', 'Available'), 
(997, 'Maruti Van', '400 kg', 'In Transit'), 
(309, 'Ashok Leyland Truck', '1000 kg', 'Available'), 
(664, 'Eicher Pro', '800 kg', 'Under Maintenance'), 
(207, 'Mahindra Bolero', '600 kg', 'Available'), 
(873, 'Tata 407', '1200 kg', 'In Transit'), 
(424, 'Bajaj Tempo', '700 kg', 'Available'), 
(608, 'Tata Intra', '600 kg', 'Under Maintenance'), 
(252, 'Maruti Eeco', '500 kg', 'Available'), 
(801, 'Ashok Leyland Dost', '800 kg', 'In Transit'), 
(467, 'Tata Ace', '500 kg', 'Available'), 
(913, 'Maruti Van', '400 kg', 'In Transit'), 
(325, 'Ashok Leyland Truck', '1000 kg', 'Available'), 
(680, 'Eicher Pro', '800 kg', 'Under Maintenance'), 
(223, 'Mahindra Bolero', '600 kg', 'Available'), 
(889, 'Tata 407', '1200 kg', 'In Transit'), 
(440, 'Bajaj Tempo', '700 kg', 'Available'), 
(624, 'Tata Intra', '600 kg', 'Under Maintenance'), 
(268, 'Maruti Eeco', '500 kg', 'Available'), 
(817, 'Ashok Leyland Dost', '800 kg', 'In Transit'); 

→DRIVER TABLE 
  
INSERT INTO Driver (DRIVERID, NAME, PHONE_NO, LICENSE_NO, STATUS, VEHICLEID) 
VALUES 
(583, 'Suresh Kumar', '+919876543210', 'MH123456789', 'Active', 472), 
(126, 'Ravi Menon', '+919876543211', 'TN987654321', 'Active', 915), 
(874, 'Manoj Desai', '+919876543212', 'GJ456789123', 'Inactive', 263), 
(319, 'Karthik Reddy', '+919876543213', 'KA789123456', 'Active', 687), 
(965, 'Anil Gupta', '+919876543214', 'WB123789456', 'Active', 134), 
(247, 'Vijay Patil', '+919876543215', 'DL456123789', 'Active', 829), 
(792, 'Srinivas Rao', '+919876543216', 'TS789456123', 'Inactive', 376), 
(534, 'Prakash More', '+919876543217', 'MH123789456', 'Active', 541), 
(681, 'Ramesh Sharma', '+919876543218', 'RJ456789123', 'Active', 198), 
(305, 'Nitin Sheth', '+919876543219', 'GJ789123456', 'Active', 753), 
(859, 'Suresh Kumar', '+919876543220', 'MH123456780', 'Active', 419), 
(412, 'Ravi Menon', '+919876543221', 'TN987654322', 'Active', 964), 
(978, 'Manoj Desai', '+919876543222', 'GJ456789124', 'Inactive', 287), 
(263, 'Karthik Reddy', '+919876543223', 'KA789123457', 'Active', 632), 
(719, 'Anil Gupta', '+919876543224', 'WB123789457', 'Active', 175), 
(374, 'Vijay Patil', '+919876543225', 'DL456123780', 'Active', 841), 
(821, 'Srinivas Rao', '+919876543226', 'TS789456124', 'Inactive', 392), 
(567, 'Prakash More', '+919876543227', 'MH123789457', 'Active', 576), 
(293, 'Ramesh Sharma', '+919876543228', 'RJ456789124', 'Active', 214), 
(748, 'Nitin Sheth', '+919876543229', 'GJ789123457', 'Active', 769), 
(415, 'Suresh Kumar', '+919876543230', 'MH123456781', 'Active', 435), 
(962, 'Ravi Menon', '+919876543231', 'TN987654323', 'Active', 981), 
(287, 'Manoj Desai', '+919876543232', 'GJ456789125', 'Inactive', 293), 
(643, 'Karthik Reddy', '+919876543233', 'KA789123458', 'Active', 648), 
(198, 'Anil Gupta', '+919876543234', 'WB123789458', 'Active', 191), 
(754, 'Vijay Patil', '+919876543235', 'DL456123781', 'Active', 857), 
(309, 'Srinivas Rao', '+919876543236', 'TS789456125', 'Inactive', 408), 
(876, 'Prakash More', '+919876543237', 'MH123789458', 'Active', 592), 
(431, 'Ramesh Sharma', '+919876543238', 'RJ456789125', 'Active', 236), 
(987, 'Nitin Sheth', '+919876543239', 'GJ789123458', 'Active', 785), 
(542, 'Suresh Kumar', '+919876543240', 'MH123456782', 'Active', 451), 
(109, 'Ravi Menon', '+919876543241', 'TN987654324', 'Active', 997), 
(765, 'Manoj Desai', '+919876543242', 'GJ456789126', 'Inactive', 309), 
(321, 'Karthik Reddy', '+919876543243', 'KA789123459', 'Active', 664), 
(876, 'Anil Gupta', '+919876543244', 'WB123789459', 'Active', 207), 
(432, 'Vijay Patil', '+919876543245', 'DL456123782', 'Active', 873), 
(987, 'Srinivas Rao', '+919876543246', 'TS789456126', 'Inactive', 424), 
(543, 'Prakash More', '+919876543247', 'MH123789459', 'Active', 608), 
(198, 'Ramesh Sharma', '+919876543248', 'RJ456789126', 'Active', 252), 
(654, 'Nitin Sheth', '+919876543249', 'GJ789123459', 'Active', 801), 
(209, 'Suresh Kumar', '+919876543250', 'MH123456783', 'Active', 467), 
(765, 'Ravi Menon', '+919876543251', 'TN987654325', 'Active', 913), 
(321, 'Manoj Desai', '+919876543252', 'GJ456789127', 'Inactive', 325), 
(876, 'Karthik Reddy', '+919876543253', 'KA789123460', 'Active', 680), 
(432, 'Anil Gupta', '+919876543254', 'WB123789460', 'Active', 223), 
(987, 'Vijay Patil', '+919876543255', 'DL456123783', 'Active', 889), 
(543, 'Srinivas Rao', '+919876543256', 'TS789456127', 'Inactive', 440), 
(198, 'Prakash More', '+919876543257', 'MH123789460', 'Active', 624), 
(654, 'Ramesh Sharma', '+919876543258', 'RJ456789127', 'Active', 268), 
(209, 'Nitin Sheth', '+919876543259', 'GJ789123460', 'Active', 817); 

→PACKAGE TABLE 
  
INSERT INTO Package (PACKAGEID, STATUS, WEIGHT, PICKUP_ADDRESS, 
DELIVERY_ADDRESS) VALUES 
(294, 'Pending', '5 kg', 'Mumbai', 'Chennai'), 
(837, 'Delivered', '3 kg', 'Chennai', 'Bangalore'), 
(156, 'In Transit', '10 kg', 'Ahmedabad', 'Delhi'), 
(692, 'Pending', '7 kg', 'Bangalore', 'Kolkata'), 
(341, 'Delivered', '4 kg', 'Kolkata', 'Mumbai'), 
(975, 'In Transit', '6 kg', 'Delhi', 'Hyderabad'), 
(428, 'Pending', '8 kg', 'Hyderabad', 'Pune'), 
(763, 'Delivered', '2 kg', 'Pune', 'Jaipur'), 
(219, 'In Transit', '9 kg', 'Jaipur', 'Vadodara'), 
(584, 'Pending', '5 kg', 'Vadodara', 'Mumbai'), 
(132, 'Delivered', '3 kg', 'Mumbai', 'Chennai'), 
(876, 'In Transit', '7 kg', 'Chennai', 'Ahmedabad'), 
(395, 'Pending', '4 kg', 'Ahmedabad', 'Bangalore'), 
(641, 'Delivered', '6 kg', 'Bangalore', 'Kolkata'), 
(287, 'In Transit', '8 kg', 'Kolkata', 'Delhi'), 
(953, 'Pending', '5 kg', 'Delhi', 'Hyderabad'), 
(406, 'Delivered', '2 kg', 'Hyderabad', 'Pune'), 
(752, 'In Transit', '9 kg', 'Pune', 'Jaipur'), 
(198, 'Pending', '7 kg', 'Jaipur', 'Vadodara'), 
(834, 'Delivered', '4 kg', 'Vadodara', 'Mumbai'), 
(371, 'In Transit', '6 kg', 'Mumbai', 'Chennai'), 
(916, 'Pending', '8 kg', 'Chennai', 'Ahmedabad'), 
(263, 'Delivered', '3 kg', 'Ahmedabad', 'Bangalore'), 
(698, 'In Transit', '5 kg', 'Bangalore', 'Kolkata'), 
(145, 'Pending', '7 kg', 'Kolkata', 'Delhi'), 
(879, 'Delivered', '4 kg', 'Delhi', 'Hyderabad'), 
(432, 'In Transit', '6 kg', 'Hyderabad', 'Pune'), 
(767, 'Pending', '8 kg', 'Pune', 'Jaipur'), 
(214, 'Delivered', '2 kg', 'Jaipur', 'Vadodara'), 
(859, 'In Transit', '9 kg', 'Vadodara', 'Mumbai'), 
(396, 'Pending', '5 kg', 'Mumbai', 'Chennai'), 
(941, 'Delivered', '3 kg', 'Chennai', 'Ahmedabad'), 
(287, 'In Transit', '7 kg', 'Ahmedabad', 'Bangalore'), 
(632, 'Pending', '4 kg', 'Bangalore', 'Kolkata'), 
(178, 'Delivered', '6 kg', 'Kolkata', 'Delhi'), 
(914, 'In Transit', '8 kg', 'Delhi', 'Hyderabad'), 
(461, 'Pending', '5 kg', 'Hyderabad', 'Pune'), 
(796, 'Delivered', '2 kg', 'Pune', 'Jaipur'), 
(243, 'In Transit', '9 kg', 'Jaipur', 'Vadodara'), 
(888, 'Pending', '7 kg', 'Vadodara', 'Mumbai'), 
(435, 'Delivered', '4 kg', 'Mumbai', 'Chennai'), 
(970, 'In Transit', '6 kg', 'Chennai', 'Ahmedabad'), 
(317, 'Pending', '8 kg', 'Ahmedabad', 'Bangalore'), 
(652, 'Delivered', '3 kg', 'Bangalore', 'Kolkata'), 
(198, 'In Transit', '5 kg', 'Kolkata', 'Delhi'), 
(843, 'Pending', '7 kg', 'Delhi', 'Hyderabad'), 
(390, 'Delivered', '4 kg', 'Hyderabad', 'Pune'), 
(725, 'In Transit', '6 kg', 'Pune', 'Jaipur'), 
(271, 'Pending', '8 kg', 'Jaipur', 'Vadodara'), 
(816, 'Delivered', '2 kg', 'Vadodara', 'Mumbai'); 

→ SEND TABLE 
  
INSERT INTO Send (SENDERID, RECEIVERID, USERID, PACKAGEID) VALUES 
(827, 354, 827, 294), 
(354, 619, 354, 837), 
(619, 142, 619, 156), 
(142, 493, 142, 692), 
(493, 275, 493, 341), 
(275, 918, 275, 975), 
(918, 736, 918, 428), 
(736, 581, 736, 763), 
(581, 304, 581, 219), 
(304, 652, 304, 584), 
(652, 197, 652, 132), 
(197, 863, 197, 876), 
(863, 428, 863, 395), 
(428, 945, 428, 641), 
(945, 316, 945, 287), 
(316, 774, 316, 953), 
(774, 539, 774, 406), 
(539, 681, 539, 752), 
(681, 233, 681, 198), 
(233, 892, 233, 834), 
(892, 467, 892, 371), 
(467, 715, 467, 916), 
(715, 128, 715, 263), 
(128, 976, 128, 698), 
(976, 341, 976, 145), 
(341, 803, 341, 879), 
(803, 592, 803, 432), 
(592, 249, 592, 767), 
(249, 684, 249, 214), 
(684, 417, 684, 859), 
(417, 865, 417, 396), 
(865, 532, 865, 941), 
(532, 179, 532, 287), 
(179, 943, 179, 632), 
(943, 326, 943, 178), 
(326, 781, 326, 914), 
(781, 564, 781, 461), 
(564, 298, 564, 796), 
(298, 732, 298, 243), 
(732, 451, 732, 888), 
(451, 897, 451, 435), 
(897, 623, 897, 970), 
(623, 185, 623, 317), 
(185, 968, 185, 652), 
(968, 374, 968, 198), 
(374, 819, 374, 843), 
(819, 547, 819, 390), 
(547, 293, 547, 725), 
(293, 701, 293, 271), 
(701, 827, 701, 816); 

→ SHIPMENT TABLE 
  
INSERT INTO Shipment (SHIPMENTID, PICKUP_TIME, STATUS, DELIVERY_TIME, 
DRIVERID, VEHICLEID, PACKAGEID) VALUES 
(593, '2025-04-14 10:00:00', 'In Transit', NULL, 583, 472, 294), 
(146, '2025-04-13 09:00:00', 'Delivered', '2025-04-13 15:00:00', 126, 915, 837), 
(872, '2025-04-14 11:00:00', 'Pending', NULL, 874, 263, 156), 
(317, '2025-04-14 12:00:00', 'In Transit', NULL, 319, 687, 692), 
(963, '2025-04-13 08:00:00', 'Delivered', '2025-04-13 14:00:00', 965, 134, 341), 
(245, '2025-04-14 09:00:00', 'In Transit', NULL, 247, 829, 975), 
(790, '2025-04-14 10:00:00', 'Pending', NULL, 792, 376, 428), 
(532, '2025-04-13 11:00:00', 'Delivered', '2025-04-13 17:00:00', 534, 541, 763), 
(679, '2025-04-14 12:00:00', 'In Transit', NULL, 681, 198, 219), 
(303, '2025-04-14 13:00:00', 'Pending', NULL, 305, 753, 584), 
(857, '2025-04-13 07:00:00', 'Delivered', '2025-04-13 13:00:00', 859, 419, 132), 
(410, '2025-04-14 08:00:00', 'In Transit', NULL, 412, 964, 876), 
(976, '2025-04-14 09:00:00', 'Pending', NULL, 263, 287, 395), 
(261, '2025-04-13 10:00:00', 'Delivered', '2025-04-13 16:00:00', 719, 632, 641), 
(717, '2025-04-14 11:00:00', 'In Transit', NULL, 374, 175, 287), 
(372, '2025-04-14 12:00:00', 'Pending', NULL, 821, 841, 953), 
(819, '2025-04-13 09:00:00', 'Delivered', '2025-04-13 15:00:00', 567, 392, 406), 
(565, '2025-04-14 10:00:00', 'In Transit', NULL, 293, 576, 752), 
(291, '2025-04-14 11:00:00', 'Pending', NULL, 748, 214, 198), 
(746, '2025-04-13 08:00:00', 'Delivered', '2025-04-13 14:00:00', 415, 769, 834), 
(413, '2025-04-14 09:00:00', 'In Transit', NULL, 962, 435, 371), 
(960, '2025-04-14 10:00:00', 'Pending', NULL, 287, 981, 916), 
(285, '2025-04-13 11:00:00', 'Delivered', '2025-04-13 17:00:00', 643, 293, 263), 
(641, '2025-04-14 12:00:00', 'In Transit', NULL, 198, 648, 698), 
(196, '2025-04-14 13:00:00', 'Pending', NULL, 754, 191, 145), 
(752, '2025-04-13 07:00:00', 'Delivered', '2025-04-13 13:00:00', 309, 857, 879), 
(307, '2025-04-14 08:00:00', 'In Transit', NULL, 876, 408, 432), 
(874, '2025-04-14 09:00:00', 'Pending', NULL, 431, 592, 767), 
(429, '2025-04-13 10:00:00', 'Delivered', '2025-04-13 16:00:00', 987, 236, 214), 
(985, '2025-04-14 11:00:00', 'In Transit', NULL, 542, 785, 859), 
(540, '2025-04-14 12:00:00', 'Pending', NULL, 109, 451, 396), 
(107, '2025-04-13 09:00:00', 'Delivered', '2025-04-13 15:00:00', 765, 997, 941), 
(763, '2025-04-14 10:00:00', 'In Transit', NULL, 321, 309, 287), 
(319, '2025-04-14 11:00:00', 'Pending', NULL, 876, 664, 632), 
(874, '2025-04-13 08:00:00', 'Delivered', '2025-04-13 14:00:00', 432, 207, 178), 
(430, '2025-04-14 09:00:00', 'In Transit', NULL, 987, 873, 914), 
(985, '2025-04-14 10:00:00', 'Pending', NULL, 543, 424, 461), 
(541, '2025-04-13 11:00:00', 'Delivered', '2025-04-13 17:00:00', 198, 608, 796), 
(196, '2025-04-14 12:00:00', 'In Transit', NULL, 654, 252, 243), 
(652, '2025-04-14 13:00:00', 'Pending', NULL, 209, 801, 888), 
(207, '2025-04-13 07:00:00', 'Delivered', '2025-04-13 13:00:00', 765, 467, 435), 
(763, '2025-04-14 08:00:00', 'In Transit', NULL, 321, 913, 970), 
(319, '2025-04-14 09:00:00', 'Pending', NULL, 876, 325, 317), 
(874, '2025-04-13 10:00:00', 'Delivered', '2025-04-13 16:00:00', 432, 680, 652), 
(430, '2025-04-14 11:00:00', 'In Transit', NULL, 987, 223, 198), 
(985, '2025-04-14 12:00:00', 'Pending', NULL, 543, 889, 843), 
(541, '2025-04-13 09:00:00', 'Delivered', '2025-04-13 15:00:00', 198, 440, 390), 
(196, '2025-04-14 10:00:00', 'In Transit', NULL, 654, 624, 725), 
(652, '2025-04-14 11:00:00', 'Pending', NULL, 209, 268, 271), 
(207, '2025-04-13 08:00:00', 'Delivered', '2025-04-13 14:00:00', 765, 817, 816); 
→ TRACKING TABLE 
INSERT INTO Tracking (TRACKINGID, CURRENT_LOCATION, TIME_STAMP, STATUS, 
SHIPMENTID) VALUES 
(472, 'Mumbai', '2025-04-14 10:30:00', 'In Transit', 593), 
(915, 'Chennai', '2025-04-13 15:00:00', 'Delivered', 146), 
(263, 'Ahmedabad', '2025-04-14 11:30:00', 'Pending', 872), 
(687, 'Bangalore', '2025-04-14 12:30:00', 'In Transit', 317), 
(134, 'Kolkata', '2025-04-13 14:00:00', 'Delivered', 963), 
(829, 'Delhi', '2025-04-14 09:30:00', 'In Transit', 245), 
(376, 'Hyderabad', '2025-04-14 10:30:00', 'Pending', 790), 
(541, 'Pune', '2025-04-13 17:00:00', 'Delivered', 532), 
(198, 'Jaipur', '2025-04-14 12:30:00', 'In Transit', 679), 
(753, 'Vadodara', '2025-04-14 13:30:00', 'Pending', 303), 
(419, 'Mumbai', '2025-04-13 13:00:00', 'Delivered', 857), 
(964, 'Chennai', '2025-04-14 08:30:00', 'In Transit', 410), 
(287, 'Ahmedabad', '2025-04-14 09:30:00', 'Pending', 976), 
(632, 'Bangalore', '2025-04-13 16:00:00', 'Delivered', 261), 
(175, 'Kolkata', '2025-04-14 11:30:00', 'In Transit', 717), 
(841, 'Delhi', '2025-04-14 12:30:00', 'Pending', 372), 
(392, 'Hyderabad', '2025-04-13 15:00:00', 'Delivered', 819), 
(576, 'Pune', '2025-04-14 10:30:00', 'In Transit', 565), 
(214, 'Jaipur', '2025-04-14 11:30:00', 'Pending', 291), 
(769, 'Vadodara', '2025-04-13 14:00:00', 'Delivered', 746), 
(435, 'Mumbai', '2025-04-14 09:30:00', 'In Transit', 413), 
(981, 'Chennai', '2025-04-14 10:30:00', 'Pending', 960), 
(293, 'Ahmedabad', '2025-04-13 17:00:00', 'Delivered', 285), 
(648, 'Bangalore', '2025-04-14 12:30:00', 'In Transit', 641), 
(191, 'Kolkata', '2025-04-14 13:30:00', 'Pending', 196), 
(857, 'Delhi', '2025-04-13 13:00:00', 'Delivered', 752), 
(408, 'Hyderabad', '2025-04-14 08:30:00', 'In Transit', 307), 
(592, 'Pune', '2025-04-14 09:30:00', 'Pending', 874), 
(236, 'Jaipur', '2025-04-13 16:00:00', 'Delivered', 429), 
(785, 'Vadodara', '2025-04-14 11:30:00', 'In Transit', 985), 
(451, 'Mumbai', '2025-04-14 12:30:00', 'Pending', 540), 
(997, 'Chennai', '2025-04-13 15:00:00', 'Delivered', 107), 
(309, 'Ahmedabad', '2025-04-14 10:30:00', 'In Transit', 763), 
(664, 'Bangalore', '2025-04-14 11:30:00', 'Pending', 319), 
(207, 'Kolkata', '2025-04-13 14:00:00', 'Delivered', 874), 
(873, 'Delhi', '2025-04-14 09:30:00', 'In Transit', 430), 
(424, 'Hyderabad', '2025-04-14 10:30:00', 'Pending', 985), 
(608, 'Pune', '2025-04-13 17:00:00', 'Delivered', 541), 
(252, 'Jaipur', '2025-04-14 12:30:00', 'In Transit', 196), 
(801, 'Vadodara', '2025-04-14 13:30:00', 'Pending', 652), 
(467, 'Mumbai', '2025-04-13 13:00:00', 'Delivered', 207), 
(913, 'Chennai', '2025-04-14 08:30:00', 'In Transit', 763), 
(325, 'Ahmedabad', '2025-04-14 09:30:00', 'Pending', 319), 
(680, 'Bangalore', '2025-04-13 16:00:00', 'Delivered', 874), 
(223, 'Kolkata', '2025-04-14 11:30:00', 'In Transit', 430), 
(889, 'Delhi', '2025-04-14 12:30:00', 'Pending', 985), 
(440, 'Hyderabad', '2025-04-13 15:00:00', 'Delivered', 541), 
(624, 'Pune', '2025-04-14 10:30:00', 'In Transit', 196), 
(268, 'Jaipur', '2025-04-14 11:30:00', 'Pending', 652), 
(817, 'Vadodara', '2025-04-13 14:00:00', 'Delivered', 207);
